LEAGUE,DIVISION_NAME,LINK_URL
CPL,Boys U8 Division 1,https://system.gotsport.com/org_event/events/55642/schedules?group=522987
CPL,Boys U8 Division 2,https://system.gotsport.com/org_event/events/55642/schedules?group=522988
CPL,Boys U8 Division 1,https://system.gotsport.com/org_event/events/55642/schedules?group=522987
CPL,Boys U8 Division 2,https://system.gotsport.com/org_event/events/55642/schedules?group=522988
CPL,Boys U9 Division 1,https://system.gotsport.com/org_event/events/55642/schedules?group=510702
CPL,Boys U9 Division 2,https://system.gotsport.com/org_event/events/55642/schedules?group=510708
CPL,Boys U9 Division 3,https://system.gotsport.com/org_event/events/55642/schedules?group=510709
CPL,Boys U9 Division 4,https://system.gotsport.com/org_event/events/55642/schedules?group=510703
CPL,Boys U9 Division 5,https://system.gotsport.com/org_event/events/55642/schedules?group=510707
CPL,Boys U9 Division 6,https://system.gotsport.com/org_event/events/55642/schedules?group=510711
CPL,Boys U9 Division 7,https://system.gotsport.com/org_event/events/55642/schedules?group=510710
CPL,Boys U9 Division 8,https://system.gotsport.com/org_event/events/55642/schedules?group=510704
CPL,Boys U9 Division 9,https://system.gotsport.com/org_event/events/55642/schedules?group=510705
CPL,Boys U9 Division 10,https://system.gotsport.com/org_event/events/55642/schedules?group=510706
CPL,Boys U9 Division 1,https://system.gotsport.com/org_event/events/55642/schedules?group=510702
CPL,Boys U9 Division 2,https://system.gotsport.com/org_event/events/55642/schedules?group=510708
CPL,Boys U9 Division 3,https://system.gotsport.com/org_event/events/55642/schedules?group=510709
CPL,Boys U9 Division 4,https://system.gotsport.com/org_event/events/55642/schedules?group=510703
CPL,Boys U9 Division 5,https://system.gotsport.com/org_event/events/55642/schedules?group=510707
CPL,Boys U9 Division 6,https://system.gotsport.com/org_event/events/55642/schedules?group=510711
CPL,Boys U9 Division 7,https://system.gotsport.com/org_event/events/55642/schedules?group=510710
CPL,Boys U9 Division 8,https://system.gotsport.com/org_event/events/55642/schedules?group=510704
CPL,Boys U9 Division 9,https://system.gotsport.com/org_event/events/55642/schedules?group=510705
CPL,Boys U9 Division 10,https://system.gotsport.com/org_event/events/55642/schedules?group=510706
CPL,Boys U10 Division 1,https://system.gotsport.com/org_event/events/55642/schedules?group=510720
CPL,Boys U10 Division 2,https://system.gotsport.com/org_event/events/55642/schedules?group=510721
CPL,Boys U10 Division 3,https://system.gotsport.com/org_event/events/55642/schedules?group=510726
CPL,Boys U10 Division 4,https://system.gotsport.com/org_event/events/55642/schedules?group=510728
CPL,Boys U10 Division 5,https://system.gotsport.com/org_event/events/55642/schedules?group=510724
CPL,Boys U10 Division 6,https://system.gotsport.com/org_event/events/55642/schedules?group=510725
CPL,Boys U10 Division 7,https://system.gotsport.com/org_event/events/55642/schedules?group=510729
CPL,Boys U10 Division 8,https://system.gotsport.com/org_event/events/55642/schedules?group=510723
CPL,Boys U10 Division 9,https://system.gotsport.com/org_event/events/55642/schedules?group=510727
CPL,Boys U10 Division 10,https://system.gotsport.com/org_event/events/55642/schedules?group=510722
CPL,Boys U10 Division 1,https://system.gotsport.com/org_event/events/55642/schedules?group=510720
CPL,Boys U10 Division 2,https://system.gotsport.com/org_event/events/55642/schedules?group=510721
CPL,Boys U10 Division 3,https://system.gotsport.com/org_event/events/55642/schedules?group=510726
CPL,Boys U10 Division 4,https://system.gotsport.com/org_event/events/55642/schedules?group=510728
CPL,Boys U10 Division 5,https://system.gotsport.com/org_event/events/55642/schedules?group=510724
CPL,Boys U10 Division 6,https://system.gotsport.com/org_event/events/55642/schedules?group=510725
CPL,Boys U10 Division 7,https://system.gotsport.com/org_event/events/55642/schedules?group=510729
CPL,Boys U10 Division 8,https://system.gotsport.com/org_event/events/55642/schedules?group=510723
CPL,Boys U10 Division 9,https://system.gotsport.com/org_event/events/55642/schedules?group=510727
CPL,Boys U10 Division 10,https://system.gotsport.com/org_event/events/55642/schedules?group=510722
CPL,Boys U11 Division 1,https://system.gotsport.com/org_event/events/55642/schedules?group=510739
CPL,Boys U11 Division 2,https://system.gotsport.com/org_event/events/55642/schedules?group=510745
CPL,Boys U11 Division 3,https://system.gotsport.com/org_event/events/55642/schedules?group=510743
CPL,Boys U11 Division 4,https://system.gotsport.com/org_event/events/55642/schedules?group=510740
CPL,Boys U11 Division 5,https://system.gotsport.com/org_event/events/55642/schedules?group=510742
CPL,Boys U11 Division 6,https://system.gotsport.com/org_event/events/55642/schedules?group=510741
CPL,Boys U11 Division 7,https://system.gotsport.com/org_event/events/55642/schedules?group=510738
CPL,Boys U11 Division 8,https://system.gotsport.com/org_event/events/55642/schedules?group=510744
CPL,Boys U11 Division 1,https://system.gotsport.com/org_event/events/55642/schedules?group=510739
CPL,Boys U11 Division 2,https://system.gotsport.com/org_event/events/55642/schedules?group=510745
CPL,Boys U11 Division 3,https://system.gotsport.com/org_event/events/55642/schedules?group=510743
CPL,Boys U11 Division 4,https://system.gotsport.com/org_event/events/55642/schedules?group=510740
CPL,Boys U11 Division 5,https://system.gotsport.com/org_event/events/55642/schedules?group=510742
CPL,Boys U11 Division 6,https://system.gotsport.com/org_event/events/55642/schedules?group=510741
CPL,Boys U11 Division 7,https://system.gotsport.com/org_event/events/55642/schedules?group=510738
CPL,Boys U11 Division 8,https://system.gotsport.com/org_event/events/55642/schedules?group=510744
CPL,Boys U12 Division 1,https://system.gotsport.com/org_event/events/55642/schedules?group=510759
CPL,Boys U12 Division 2,https://system.gotsport.com/org_event/events/55642/schedules?group=510752
CPL,Boys U12 Division 3,https://system.gotsport.com/org_event/events/55642/schedules?group=510753
CPL,Boys U12 Division 4,https://system.gotsport.com/org_event/events/55642/schedules?group=510754
CPL,Boys U12 Division 5,https://system.gotsport.com/org_event/events/55642/schedules?group=510755
CPL,Boys U12 Division 6,https://system.gotsport.com/org_event/events/55642/schedules?group=510756
CPL,Boys U12 Division 7,https://system.gotsport.com/org_event/events/55642/schedules?group=510758
CPL,Boys U12 Division 1,https://system.gotsport.com/org_event/events/55642/schedules?group=510759
CPL,Boys U12 Division 2,https://system.gotsport.com/org_event/events/55642/schedules?group=510752
CPL,Boys U12 Division 3,https://system.gotsport.com/org_event/events/55642/schedules?group=510753
CPL,Boys U12 Division 4,https://system.gotsport.com/org_event/events/55642/schedules?group=510754
CPL,Boys U12 Division 5,https://system.gotsport.com/org_event/events/55642/schedules?group=510755
CPL,Boys U12 Division 6,https://system.gotsport.com/org_event/events/55642/schedules?group=510756
CPL,Boys U12 Division 7,https://system.gotsport.com/org_event/events/55642/schedules?group=510758
CPL,Boys U13 Division 1,https://system.gotsport.com/org_event/events/55642/schedules?group=510764
CPL,Boys U13 Division 2,https://system.gotsport.com/org_event/events/55642/schedules?group=510766
CPL,Boys U13 Division 3,https://system.gotsport.com/org_event/events/55642/schedules?group=510767
CPL,Boys U13 Division 4,https://system.gotsport.com/org_event/events/55642/schedules?group=510765
CPL,Boys U13 Division 5,https://system.gotsport.com/org_event/events/55642/schedules?group=510768
CPL,Boys U13 Division 1,https://system.gotsport.com/org_event/events/55642/schedules?group=510764
CPL,Boys U13 Division 2,https://system.gotsport.com/org_event/events/55642/schedules?group=510766
CPL,Boys U13 Division 3,https://system.gotsport.com/org_event/events/55642/schedules?group=510767
CPL,Boys U13 Division 4,https://system.gotsport.com/org_event/events/55642/schedules?group=510765
CPL,Boys U13 Division 5,https://system.gotsport.com/org_event/events/55642/schedules?group=510768
CPL,Boys U14 Division 1,https://system.gotsport.com/org_event/events/55642/schedules?group=510771
CPL,Boys U14 Division 2,https://system.gotsport.com/org_event/events/55642/schedules?group=510772
CPL,Boys U14 DIVISION 3,https://system.gotsport.com/org_event/events/55642/schedules?group=510773
CPL,Boys U14 Division 4,https://system.gotsport.com/org_event/events/55642/schedules?group=522994
CPL,Boys U14 Division 1,https://system.gotsport.com/org_event/events/55642/schedules?group=510771
CPL,Boys U14 Division 2,https://system.gotsport.com/org_event/events/55642/schedules?group=510772
CPL,Boys U14 DIVISION 3,https://system.gotsport.com/org_event/events/55642/schedules?group=510773
CPL,Boys U14 Division 4,https://system.gotsport.com/org_event/events/55642/schedules?group=522994
CPL,Boys U15/16 Division 1,https://system.gotsport.com/org_event/events/55642/schedules?group=510774
CPL,Boys U15/16 Division 1,https://system.gotsport.com/org_event/events/55642/schedules?group=510774
CPL,Girls U8 Division 1,https://system.gotsport.com/org_event/events/55642/schedules?group=523151
CPL,Girls U8 Division 1,https://system.gotsport.com/org_event/events/55642/schedules?group=523151
CPL,Girls U9 Division 1,https://system.gotsport.com/org_event/events/55642/schedules?group=510696
CPL,Girls U9 Division 2,https://system.gotsport.com/org_event/events/55642/schedules?group=510694
CPL,Girls U9 Division 3,https://system.gotsport.com/org_event/events/55642/schedules?group=510695
CPL,Girls U9 Division 4,https://system.gotsport.com/org_event/events/55642/schedules?group=510697
CPL,Girls U9 Division 5,https://system.gotsport.com/org_event/events/55642/schedules?group=510700
CPL,Girls U9 Division 6,https://system.gotsport.com/org_event/events/55642/schedules?group=510701
CPL,Girls U9 Division 7,https://system.gotsport.com/org_event/events/55642/schedules?group=510699
CPL,Girls U9 Division 8,https://system.gotsport.com/org_event/events/55642/schedules?group=510698
CPL,Girls U9 Division 1,https://system.gotsport.com/org_event/events/55642/schedules?group=510696
CPL,Girls U9 Division 2,https://system.gotsport.com/org_event/events/55642/schedules?group=510694
CPL,Girls U9 Division 3,https://system.gotsport.com/org_event/events/55642/schedules?group=510695
CPL,Girls U9 Division 4,https://system.gotsport.com/org_event/events/55642/schedules?group=510697
CPL,Girls U9 Division 5,https://system.gotsport.com/org_event/events/55642/schedules?group=510700
CPL,Girls U9 Division 6,https://system.gotsport.com/org_event/events/55642/schedules?group=510701
CPL,Girls U9 Division 7,https://system.gotsport.com/org_event/events/55642/schedules?group=510699
CPL,Girls U9 Division 8,https://system.gotsport.com/org_event/events/55642/schedules?group=510698
CPL,Girls U10 Division 1,https://system.gotsport.com/org_event/events/55642/schedules?group=510716
CPL,Girls U10 Division 2,https://system.gotsport.com/org_event/events/55642/schedules?group=510712
CPL,Girls U10 Division 3,https://system.gotsport.com/org_event/events/55642/schedules?group=510717
CPL,Girls U10 Division 4,https://system.gotsport.com/org_event/events/55642/schedules?group=510714
CPL,Girls U10 Division 5,https://system.gotsport.com/org_event/events/55642/schedules?group=510718
CPL,Girls U10 Division 6,https://system.gotsport.com/org_event/events/55642/schedules?group=510715
CPL,Girls U10 Division 7,https://system.gotsport.com/org_event/events/55642/schedules?group=510713
CPL,Girls U10 Division 8,https://system.gotsport.com/org_event/events/55642/schedules?group=523027
CPL,Girls U10 Division 9,https://system.gotsport.com/org_event/events/55642/schedules?group=510719
CPL,Girls U10 Division 1,https://system.gotsport.com/org_event/events/55642/schedules?group=510716
CPL,Girls U10 Division 2,https://system.gotsport.com/org_event/events/55642/schedules?group=510712
CPL,Girls U10 Division 3,https://system.gotsport.com/org_event/events/55642/schedules?group=510717
CPL,Girls U10 Division 4,https://system.gotsport.com/org_event/events/55642/schedules?group=510714
CPL,Girls U10 Division 5,https://system.gotsport.com/org_event/events/55642/schedules?group=510718
CPL,Girls U10 Division 6,https://system.gotsport.com/org_event/events/55642/schedules?group=510715
CPL,Girls U10 Division 7,https://system.gotsport.com/org_event/events/55642/schedules?group=510713
CPL,Girls U10 Division 8,https://system.gotsport.com/org_event/events/55642/schedules?group=523027
CPL,Girls U10 Division 9,https://system.gotsport.com/org_event/events/55642/schedules?group=510719
CPL,Girls U11 Division 1,https://system.gotsport.com/org_event/events/55642/schedules?group=510730
CPL,Girls U11 Division 2,https://system.gotsport.com/org_event/events/55642/schedules?group=510735
CPL,Girls U11 Division 3,https://system.gotsport.com/org_event/events/55642/schedules?group=510731
CPL,Girls U11 Division 4,https://system.gotsport.com/org_event/events/55642/schedules?group=510736
CPL,Girls U11 Division 5,https://system.gotsport.com/org_event/events/55642/schedules?group=510737
CPL,Girls U11 Division 6,https://system.gotsport.com/org_event/events/55642/schedules?group=510732
CPL,Girls U11 Division 1,https://system.gotsport.com/org_event/events/55642/schedules?group=510730
CPL,Girls U11 Division 2,https://system.gotsport.com/org_event/events/55642/schedules?group=510735
CPL,Girls U11 Division 3,https://system.gotsport.com/org_event/events/55642/schedules?group=510731
CPL,Girls U11 Division 4,https://system.gotsport.com/org_event/events/55642/schedules?group=510736
CPL,Girls U11 Division 5,https://system.gotsport.com/org_event/events/55642/schedules?group=510737
CPL,Girls U11 Division 6,https://system.gotsport.com/org_event/events/55642/schedules?group=510732
CPL,Girls U12 Division 1,https://system.gotsport.com/org_event/events/55642/schedules?group=510751
CPL,Girls U12 Division 2,https://system.gotsport.com/org_event/events/55642/schedules?group=510748
CPL,Girls U12 Division 3,https://system.gotsport.com/org_event/events/55642/schedules?group=510749
CPL,Girls U12 Division 4,https://system.gotsport.com/org_event/events/55642/schedules?group=510746
CPL,Girls U12 Division 5,https://system.gotsport.com/org_event/events/55642/schedules?group=510747
CPL,Girls U12 Division 6,https://system.gotsport.com/org_event/events/55642/schedules?group=510750
CPL,Girls U12 Division 7,https://system.gotsport.com/org_event/events/55642/schedules?group=523052
CPL,Girls U12 Division 1,https://system.gotsport.com/org_event/events/55642/schedules?group=510751
CPL,Girls U12 Division 2,https://system.gotsport.com/org_event/events/55642/schedules?group=510748
CPL,Girls U12 Division 3,https://system.gotsport.com/org_event/events/55642/schedules?group=510749
CPL,Girls U12 Division 4,https://system.gotsport.com/org_event/events/55642/schedules?group=510746
CPL,Girls U12 Division 5,https://system.gotsport.com/org_event/events/55642/schedules?group=510747
CPL,Girls U12 Division 6,https://system.gotsport.com/org_event/events/55642/schedules?group=510750
CPL,Girls U12 Division 7,https://system.gotsport.com/org_event/events/55642/schedules?group=523052
CPL,Girls U13 Division 1,https://system.gotsport.com/org_event/events/55642/schedules?group=510763
CPL,Girls U13 Division 2,https://system.gotsport.com/org_event/events/55642/schedules?group=510761
CPL,Girls U13 Division 3,https://system.gotsport.com/org_event/events/55642/schedules?group=510762
CPL,Girls U13 Division 1,https://system.gotsport.com/org_event/events/55642/schedules?group=510763
CPL,Girls U13 Division 2,https://system.gotsport.com/org_event/events/55642/schedules?group=510761
CPL,Girls U13 Division 3,https://system.gotsport.com/org_event/events/55642/schedules?group=510762
CPL,Girls U14 Division 1,https://system.gotsport.com/org_event/events/55642/schedules?group=510770
CPL,Girls U14 Division 1,https://system.gotsport.com/org_event/events/55642/schedules?group=510770
CPL,Girls U14/15 Division 1,https://system.gotsport.com/org_event/events/55642/schedules?group=510769
CPL,Girls U14/15 Division 1,https://system.gotsport.com/org_event/events/55642/schedules?group=510769
BPYSL,Male U11 - U11B Buckeye State,https://system.gotsport.com/org_event/events/54982/schedules?group=503945
BPYSL,Male U11 - U11B Elite 1,https://system.gotsport.com/org_event/events/54982/schedules?group=503946
BPYSL,Male U11 - U11B Elite 2,https://system.gotsport.com/org_event/events/54982/schedules?group=527074
BPYSL,Male U11 - U11B Premier 1,https://system.gotsport.com/org_event/events/54982/schedules?group=503948
BPYSL,Male U12 - U12B Buckeye State,https://system.gotsport.com/org_event/events/54982/schedules?group=503956
BPYSL,Male U12 - U12B Elite 1,https://system.gotsport.com/org_event/events/54982/schedules?group=503955
BPYSL,Male U12 - U12B Premier 1,https://system.gotsport.com/org_event/events/54982/schedules?group=503957
BPYSL,Male U12 - U12B Select Black,https://system.gotsport.com/org_event/events/54982/schedules?group=503954
BPYSL,Male U13 - U13B Buckeye State,https://system.gotsport.com/org_event/events/54982/schedules?group=503963
BPYSL,Male U13 - U13B Elite 1,https://system.gotsport.com/org_event/events/54982/schedules?group=503962
BPYSL,Male U13 - U13B Premier 1,https://system.gotsport.com/org_event/events/54982/schedules?group=503965
BPYSL,Male U13 - U13b Select Black,https://system.gotsport.com/org_event/events/54982/schedules?group=503966
BPYSL,Male U13 - U13B Select Red,https://system.gotsport.com/org_event/events/54982/schedules?group=503964
BPYSL,Male U14 - U14B Buckeye State,https://system.gotsport.com/org_event/events/54982/schedules?group=503972
BPYSL,Male U14 - U14B Elite 1,https://system.gotsport.com/org_event/events/54982/schedules?group=503974
BPYSL,Male U14 - U14B Elite 2,https://system.gotsport.com/org_event/events/54982/schedules?group=503976
BPYSL,Male U14 - U14B Premier 1,https://system.gotsport.com/org_event/events/54982/schedules?group=503975
BPYSL,Male U14 - U14B Select Black,https://system.gotsport.com/org_event/events/54982/schedules?group=503980
BPYSL,Male U14 - U14B Select Red,https://system.gotsport.com/org_event/events/54982/schedules?group=503983
BPYSL,Male U15 - U15B Buckeye State,https://system.gotsport.com/org_event/events/54982/schedules?group=503981
BPYSL,Male U15 - U15B Premier 1,https://system.gotsport.com/org_event/events/54982/schedules?group=526193
BPYSL,Female U11 - U11G Buckeye State,https://system.gotsport.com/org_event/events/54982/schedules?group=503942
BPYSL,Female U11 - U11G Elite 1,https://system.gotsport.com/org_event/events/54982/schedules?group=503944
BPYSL,Female U11 - U11G Premier 1,https://system.gotsport.com/org_event/events/54982/schedules?group=503943
BPYSL,Female U12 - U12G Buckeye State,https://system.gotsport.com/org_event/events/54982/schedules?group=503952
BPYSL,Female U12 - U12G Elite 1,https://system.gotsport.com/org_event/events/54982/schedules?group=503950
BPYSL,Female U12 - U12G Premier 1,https://system.gotsport.com/org_event/events/54982/schedules?group=503951
BPYSL,Female U12 - U12G Select Red,https://system.gotsport.com/org_event/events/54982/schedules?group=503949
BPYSL,Female U12 - U12G Select Black,https://system.gotsport.com/org_event/events/54982/schedules?group=503953
BPYSL,Female U13 - U13G Buckeye State,https://system.gotsport.com/org_event/events/54982/schedules?group=503960
BPYSL,Female U13 - U13G Premier 1,https://system.gotsport.com/org_event/events/54982/schedules?group=503959
BPYSL,Female U13 - U13G Select Black,https://system.gotsport.com/org_event/events/54982/schedules?group=503958
BPYSL,Female U13 - U13G Select Red,https://system.gotsport.com/org_event/events/54982/schedules?group=503961
BPYSL,Female U14 - U14G Buckeye State,https://system.gotsport.com/org_event/events/54982/schedules?group=503971
BPYSL,Female U14 - U14G Elite 1,https://system.gotsport.com/org_event/events/54982/schedules?group=503968
BPYSL,Female U14 - U14G Premier 1,https://system.gotsport.com/org_event/events/54982/schedules?group=503967
BPYSL,Female U14 - U14G Select Red,https://system.gotsport.com/org_event/events/54982/schedules?group=503970
BPYSL,Female U14 - U14G Select Silver,https://system.gotsport.com/org_event/events/54982/schedules?group=523843
BPYSL,Female U15 - U15G Elite 1,https://system.gotsport.com/org_event/events/54982/schedules?group=503978
BPYSL,Female U15 - U14/U15G Select Black,https://system.gotsport.com/org_event/events/54982/schedules?group=503977
BPYSL,Female U16 - U16G Buckeye State,https://system.gotsport.com/org_event/events/54982/schedules?group=503986
BPYSL,Female U16 - U16G Premier 1,https://system.gotsport.com/org_event/events/54982/schedules?group=503984
BPYSL,Female U16 - U16G Select Black,https://system.gotsport.com/org_event/events/54982/schedules?group=503985
BPYSL,Female U17 - U17G Buckeye State,https://system.gotsport.com/org_event/events/54982/schedules?group=503992
BPYSL,Female U17 - U17G Premier 1,https://system.gotsport.com/org_event/events/54982/schedules?group=503993
BPYSL,Female U19 - U18/19G Buckeye State,https://system.gotsport.com/org_event/events/54982/schedules?group=503998
BPYSL,Female U19 - U18/19G Elite 1,https://system.gotsport.com/org_event/events/54982/schedules?group=503999
BPYSL,Female U19 - U18/19G Select Black,https://system.gotsport.com/org_event/events/54982/schedules?group=504000
